{"schemaVersion":"1.0","appDefinitionTemplate":{"id":"/providers/Microsoft.PowerApps/apps/","type":"Microsoft.PowerApps/apps","tags":{"primaryDeviceWidth":"640","primaryDeviceHeight":"1136","sienaVersion":"20240410T160331Z-3.24034.17.0","deviceCapabilities":"","supportsPortrait":"true","supportsLandscape":"true","primaryFormFactor":"Phone","publisherVersion":"3.24034.17","minimumRequiredApiVersion":"2.2.0","hasComponent":"true","hasUnlockedComponent":"true","isUnifiedRootApp":"false","showStatusBar":"false","offlineLargeFilesSupport":"false","coauthoringEnabled":"true"},"properties":{"appVersion":"2024-04-10T16:03:31Z","lifeCycleId":"Published","createdByClientVersion":{"major":3,"minor":24034,"build":17,"revision":0,"majorRevision":0,"minorRevision":0},"minClientVersion":{"major":3,"minor":24034,"build":17,"revision":0,"majorRevision":0,"minorRevision":0},"backgroundColor":"RGBA(54,176,75,1)","backgroundImageUri":"/8423293181451113977/N8ef7ed8a-af0d-4801-99ce-97a65ac8503f-logoSmallFile","displayName":"aula token","description":"","commitMessage":"","appUris":{"documentUri":{"value":"/8423293181451113977/N8f214ed0-b7ea-444e-bf10-57fe09c02f9a-document.msapp"},"imageUris":[],"additionalUris":[{"isSolutionAware":false,"value":"/8423293181451113977/Nd77d1039-9292-472a-9daa-c53e67b364b8-identity.json"}]},"createdTime":"0001-01-01T00:00:00Z","lastModifiedTime":"0001-01-01T00:00:00Z","sharedGroupsCount":0,"sharedUsersCount":0,"connectionReferences":{},"databaseReferences":{"default.cds":{"databaseDetails":{"referenceType":"Environmental","environmentName":"default.cds","overrideValues":{"status":"NotSpecified","environmentVariableName":""}},"dataSources":{"UsersInfos":{"entitySetName":"cr058_usersinfos","logicalName":"cr058_usersinfo","isHidden":false},"Gym Maintenance Log":{"entitySetName":"cr058_gymmaintenancelogs","logicalName":"cr058_gymmaintenancelog","isHidden":false},"TabelaRegistos":{"entitySetName":"cr058_tabelaregistoses","logicalName":"cr058_tabelaregistos","isHidden":false},"RegistoInformações":{"entitySetName":"cr058_registoinformacoeses","logicalName":"cr058_registoinformacoes","isHidden":false},"Bulk Delete Failures":{"entitySetName":"bulkdeletefailures","logicalName":"bulkdeletefailure","isHidden":false}},"actions":["providers/PowerPlatform.Governance/Operations/Read","providers/PowerPlatform.Governance/Operations/Write"]}},"almMode":"Environment","performanceOptimizationEnabled":true,"canConsumeAppPass":true,"enableModernRuntimeMode":false,"executionRestrictions":{"isTeamsOnly":false,"dataLossPreventionEvaluationResult":{"status":"Compliant","lastEvaluationDate":"2024-03-11T15:47:27.0327431Z","violations":[],"violationsByPolicy":[],"violationErrorMessage":"The app uses the following connectors: ."}}},"appType":"ClassicCanvasApp","appComponents":[]}}