{"schemaVersion":"1.0","appDefinitionTemplate":{"id":"/providers/Microsoft.PowerApps/apps/","type":"Microsoft.PowerApps/apps","tags":{"primaryDeviceWidth":"640","primaryDeviceHeight":"1136","supportsPortrait":"true","supportsLandscape":"true","primaryFormFactor":"Phone","showStatusBar":"false","publisherVersion":"3.24042.24","minimumRequiredApiVersion":"2.2.0","hasComponent":"false","hasUnlockedComponent":"false","isUnifiedRootApp":"false","sienaVersion":"20240422T135524Z-3.24042.24.0"},"properties":{"appVersion":"2024-04-22T13:55:24Z","lifeCycleId":"Published","createdByClientVersion":{"major":3,"minor":24042,"build":24,"revision":0,"majorRevision":0,"minorRevision":0},"minClientVersion":{"major":3,"minor":24042,"build":24,"revision":0,"majorRevision":0,"minorRevision":0},"backgroundColor":"RGBA(0,176,240,1)","backgroundImageUri":"/13016492446392156695/N58dea289-c2b7-4209-b572-d0762b0ddb68-logoSmallFile","displayName":"AppCopilotListPowergymGirls","description":"","commitMessage":"","appUris":{"documentUri":{"value":"/13016492446392156695/N0e7ff981-3452-4213-a577-edb8ec94cd60-document.msapp"},"imageUris":[],"additionalUris":[{"isSolutionAware":false,"value":"/13016492446392156695/N8ac9d77d-8d2b-4147-8770-b2525e960375-identity.json"}]},"createdTime":"0001-01-01T00:00:00Z","lastModifiedTime":"0001-01-01T00:00:00Z","sharedGroupsCount":0,"sharedUsersCount":0,"connectionReferences":{"d232eaa3-aaf3-421f-83ec-1128f72fd2d2":{"id":"d6b9487c-2a27-43cc-9a8b-40e799c72ff0","displayName":"SharePoint","iconUri":"https://connectoricons-prod.azureedge.net/releases/v1.0.1682/1.0.1682.3677/sharepointonline/icon.png","dataSources":["Cidades_PowerGymGirls (1)"],"dependencies":[],"dependents":[],"parameterHints":{},"parameterHintsV2":{},"isOnPremiseConnection":false,"bypassConsent":false,"dataSets":{"https://alunosipca.sharepoint.com/sites/PowerGymGirlsTeam_GirlPower":{"dataSources":{"Cidades_PowerGymGirls (1)":{"tableName":"c535e951-0557-47b1-aa48-71b809d65254"}}}},"apiTier":"Standard","isCustomApiConnection":false,"actions":["providers/PowerPlatform.Governance/Operations/Read","providers/PowerPlatform.Governance/Operations/Write","providers/PowerPlatform.Governance/Operations/Delete"]}},"databaseReferences":{},"almMode":"Environment","performanceOptimizationEnabled":true,"canConsumeAppPass":true,"enableModernRuntimeMode":false,"executionRestrictions":{"isTeamsOnly":false,"dataLossPreventionEvaluationResult":{"status":"Compliant","lastEvaluationDate":"2024-04-22T12:55:44.7739538Z","violations":[],"violationsByPolicy":[],"violationErrorMessage":"The app uses the following connectors: shared_sharepointonline."}}},"appType":"ClassicCanvasApp","appComponents":[]}}